id,first_name,last_name,email,gender,ip_address
1,Viola,Ferrea,vferrea0@mozilla.org,Female,185.229.247.182
2,Morley,Pearmain,mpearmain1@umn.edu,Male,125.221.80.3
3,Sky,Liddon,sliddon2@youtu.be,Male,102.247.112.227
4,Andrew,Fogarty,afogarty3@booking.com,Male,154.89.217.103
5,Adolph,Lanfere,alanfere4@yahoo.co.jp,Male,243.82.18.126
6,Gino,Whichelow,gwhichelow5@arizona.edu,Male,234.228.129.26
7,Athene,Boldero,aboldero6@typepad.com,Female,13.158.139.126
8,Jacinta,Eyden,jeyden7@sogou.com,Female,139.217.54.8
9,Xena,Edowes,xedowes8@csmonitor.com,Female,198.4.72.227
10,Lizette,Kingdon,lkingdon9@addtoany.com,Female,151.120.242.188
11,Marmaduke,Sherwood,msherwooda@digg.com,Male,103.89.50.67
12,Cornela,Cuerda,ccuerdab@nature.com,Female,179.101.128.105
13,Dwayne,Colmore,dcolmorec@sitemeter.com,Non-binary,178.186.247.119
14,Dunstan,Orritt,dorrittd@archive.org,Male,82.151.30.244
15,Jehu,Escalante,jescalantee@nifty.com,Male,23.120.31.184
16,Cyril,Leonardi,cleonardif@fema.gov,Male,203.27.226.127
17,Rey,Nutman,rnutmang@admin.ch,Female,42.20.96.212
18,Ade,Handke,ahandkeh@reuters.com,Male,126.190.4.19
19,Moyna,Polycote,mpolycotei@facebook.com,Female,137.160.155.246
20,Lindsay,Oliveira,loliveiraj@123-reg.co.uk,Female,241.118.162.233
